Store Name	Address	Instagram	Pinterest	Website 1	Website 2	Etsy
Tatyana Boutique	303 Bowery, between E Houston and 1st	tatyanaboutiquenyc				
Mystique Boutique	324 5th Ave, New York, NY 10016	mystiqueboutiquenyc				
Darling NYC						
Dash Boutique	119 Spring St, New York, NY 10012			http://shopdashonline.com/collections/all		
Patricia Field	306 Bowery, New York, NY 10012			http://patriciafield.com/		
Atelier New York	210 11th Ave #1003, New York, NY 10001			http://www.farfetch.com/shopping/atelier-ny/women/items.aspx?ffref=btq_dir#ps=1&pv=60&oby=5	http://www.farfetch.com/shopping/atelier-ny/men/items.aspx?ffref=btq_gnd#ps=1&pv=60&oby=5	
Carson Street Clothiers	63 Crosby St, New York, NY 10012			http://www.farfetch.com/shopping/carson-street-clothiers/men/items.aspx?ffref=btq_gnd#ps=1&pv=60&oby=5		
Chuckies New York	1169 Madison Ave, New York, NY 10028			http://www.farfetch.com/shopping/chuckies-new-york/women/items.aspx?ffref=btq_gnd#ps=1&pv=60&oby=5		
Edon Manor	391 Greenwich St, New York, NY 10013			http://www.farfetch.com/shopping/edon-manor/women/items.aspx?ffref=btq_gnd#ps=1&pv=60&oby=5		
Five Story	18 E 69th St, New York, NY 10021			http://www.farfetch.com/shopping/fivestory/women/items.aspx?ffref=btq_gnd#ps=1&pv=60&oby=5		
Khirma	102 Charles St, New York, NY 10014			http://www.farfetch.com/shopping/khirma/women/items.aspx?ffref=btq_gnd#ps=1&pv=60&oby=5		
Kirna Zabête	477 Broome St, New York, NY 10013			http://www.farfetch.com/shopping/kirna-zabete/women/items.aspx?ffref=btq_gnd#ps=1&pv=60&oby=5		
ODD.	164 Ludlow St, New York, NY 10002			http://www.farfetch.com/shopping/odd/women/items.aspx?ffref=btq_dir#ps=1&pv=60&oby=5	http://www.farfetch.com/shopping/odd/men/items.aspx?ffref=btq_gnd#ps=1&pv=60&oby=5	
Patron of the New	151 Franklin St, New York, NY 10013			http://www.farfetch.com/shopping/patron-of-the-new/women/items.aspx?ffref=btq_dir#ps=1&pv=60&oby=5	http://www.farfetch.com/shopping/patron-of-the-new/men/items.aspx?ffref=btq_gnd#ps=1&pv=60&oby=5	
Zoë	68 Washington St, Brooklyn, NY 11201			http://www.farfetch.com/shopping/boutique-zoe/women/items.aspx?ffref=btq_gnd#ps=1&pv=60&oby=5		
Metropolis Vintage	43 3rd Avenue  NYC			http://metropolis-vintage-nyc.myshopify.com/		https://www.etsy.com/shop/MetropolisNYCVintage
VFILES	12 Mercer St, New York, NY 10013			https://www.vfiles.com/shop/collections/new-arrivals/all		
KITH	644 Broadway (NYC) & 233 Flatbush Ave	kithnyc		http://kithnyc.com/collections/kith-apparel/		
AuH2O Shop	84 E. 7th St.	auh2oshop				
Mr. Throwback™Vintage Store	428 East 9th Street 	mrthrowbacknyc				
The Quality Mending Co.	15 Prince St, New York, NY 10012			http://www.workclothingsport.com/#!all/cpvm		
Community 54	186 Avenue B New York, NY 10009			http://community54.com/shop/		
Cure Thrift Shop	111 E 12th St, New York, NY 10003	curethriftshop				
Baby the Stars Shine Bright	158 Allen St, New York, NY 10002	bssbnyc		http://www.bssbnyc.com/collections/all		
Michael's, the Consignment Shop for Women	1041 Madison Ave, New York, NY 10075			https://snobswap.com/shop/boutique/michaels-the-consignment-shop-for-women		
Noir et Blanc	7 W 25th St, New York, NY 10010	noiretblancnyc				
Jody's Closet	303 Millburn Ave, Millburn, NJ 07041			https://snobswap.com/shop/boutique/jodys-closet		
Resale Riches	59 Franklin St, New York, NY 10013			https://snobswap.com/shop/boutique/resale-riches		
Opulent Habits	348 Millburn Ave, Millburn, NJ 07041			https://snobswap.com/shop/boutique/opulent-habits		
The Bargain District	309 E 9th St New York, NY 10003			https://snobswap.com/shop/boutique/the-bargain-district		
Fisch for the Hip	88 1/2 7th Ave, New York, NY 10011			https://snobswap.com/shop/boutique/fisch-for-the-hip	http://www.fischforthehip.com/all-products.php	
House of Style	116 Main St, Manasquan NJ			https://snobswap.com/shop/boutique/house-of-style		
Noir et Noir	5 Lawrence St. Bloomfield NJ 07003			https://snobswap.com/shop/boutique/noir-et-noir		
Boutique on 57	12 W 57th St, New York, NY 10019			https://snobswap.com/shop/boutique/boutique-on-57	http://www.boutiqueon57.com/collections/all/	
Designer Exchange	18 Jackson Ave Syosset, NY	li_designer_exchange				
Resurrection Vintage	217 MOTT STREET NEW YORK, NY 10012	resurrectionvintage				
The Cast	71 Orchard St, New York, NY 10002			http://thecast.com/		
Pilgrim 	70 Orchard St New York	pilgrimnyc		https://www.facebook.com/pilgrimnewyork		
Cloak and Dagger	334 East 9th Street 10003			http://www.cloakanddaggernyc.com/collections/clothes		
Assembly 	170 Ludlow St NYC 	assemblynewyork		http://www.assemblynewyork.com/		
No. 6	6 Centre Market Pl, New York, NY 10013			http://no6store.com/new-arrivals.html		
Pinkyotto	14 east 4th Street, New York City	https://instagram.com/Pinkyotto		http://www.shoptiques.com/boutiques/pinkyotto		
OLIVE AND BETTE'S	158 Spring St, New York Cit			http://www.shoptiques.com/boutiques/olive-and-bettes		
DOR L'DOR	80 Nassau Street, New York City			http://www.shoptiques.com/boutiques/dor-l-dor		
MONTMARTRE	10 Columbus Circle, New York City			http://www.shoptiques.com/boutiques/montmartre		
NU NEW YORK	827 Broadway, New York City			http://www.shoptiques.com/boutiques/callalilai		
MADE IT!	245 W 29th St, New York City			http://www.shoptiques.com/boutiques/Made-It		
BABEL FAIR SOHO	260 Elizabeth Street, New York City			http://www.shoptiques.com/boutiques/babel-fair		
3NY	448 Broome St., New York City			http://www.shoptiques.com/boutiques/3ny		
A UNO	123 West Broadway, New York City			http://www.shoptiques.com/boutiques/a-uno		
YVONE CHRISTA	223 Mott St, New York City			http://www.shoptiques.com/boutiques/Yvone-Christa		
E. SHAW JEWELS	107 Sullivan St, New York City			http://www.shoptiques.com/boutiques/E-Shaw-Jewels		
BASH & BOW	210 East 21st Street, New York City			http://www.shoptiques.com/boutiques/bash-bow		
FLY DOVE NYC	197 E. 7th Street, New York City			http://www.shoptiques.com/boutiques/flydove		
EKAVI BOUTIQUE	886 2nd Avenue, New York City			http://www.shoptiques.com/boutiques/ekavi-boutique		
THINK CLOSET	324 A Columbus Ave., New York City			http://www.shoptiques.com/boutiques/think-closet		
ROYAL JELLY HARLEM	155 Wooster Street, New York City			http://www.shoptiques.com/boutiques/royal-jelly		
MADONNA & CO	284 Lafayette, New York City			http://www.shoptiques.com/boutiques/madonna-co		
DICKS COTTONS	88 East 3rd Street Suite 17, New York City			http://www.shoptiques.com/boutiques/dicks-cottons		
DARLING	1 Horatio Street, New York City			http://www.shoptiques.com/boutiques/darling		
IBIZA	825 Broadway, New York City			http://www.shoptiques.com/boutiques/ibiza		
FLAT 128	15 Christopher Street, New York City			http://www.shoptiques.com/boutiques/flat-128		
TRES CHIX NYC	447 West 50th Street, New York City			http://www.shoptiques.com/boutiques/tres-chix-nyc		
SWING	108 West 118th street, New York City			http://www.shoptiques.com/boutiques/swing		
CCH COLLECTION	101 West 55th Street, New York City			http://www.shoptiques.com/boutiques/cch-collection		
VICTORIA KHOSS	27 W 60th Street, #20341, New York City			http://www.shoptiques.com/boutiques/victoria-khoss		
HATSHOP WORTH & WORTH	45 West 57th Street, 6th Floor, New York City			http://www.shoptiques.com/boutiques/worth-worth		
GEMINOLA	41 Perry Street, New York City			http://www.shoptiques.com/boutiques/geminola		
KTCOLLECTION	315 Columbus Avenue, New York City			http://www.shoptiques.com/boutiques/Ktcollection		
THE STYLELINER	20 Clinton St, New York City			http://www.shoptiques.com/boutiques/the-styleliner		
LEAH C. COUTURE MILLINERY	124 West 30th Street, suite #203, New York City			http://www.shoptiques.com/boutiques/Leah-C-Couture-Millinery		
THE LITTLE SHOE STORE	40 Clinton Street, New York City			http://www.shoptiques.com/boutiques/The-Little-Shoe-Store		
Meg	312 E 9th St New York, NY 10003			https://www.megshops.com/		
CONCRETE + WATER	485 Driggs Ave Brooklyn, NY 11211	https://instagram.com/concreteandwater/	https://www.pinterest.com/concretenwater	http://concreteandwater.com/		
Uniqlo	546 Broadway NYC			http://www.uniqlo.com/us/		
Uniqlo	31 W 34th St NYC			http://www.uniqlo.com/us/		
Cloak & Dagger	334 E 9th St New York, NY 10003	https://instagram.com/cloakndaggernyc/	https://www.pinterest.com/cloakndaggernyc/	http://www.cloakanddaggernyc.com/		
Forever21	1540 Broadway NYC 10036			http://www.forever21.com/		
Elska NY	535 51st Ave Long Island City, NY 11101			http://www.elskanewyork.com/		
Uniqlo	666 5th Ave NYC 10103			http://www.uniqlo.com/us/		
Urban Outfitters	162 2nd Ave NYC 10003			http://www.urbanoutfitters.com/urban/index.jsp		
Alter	140 Franklin St Brooklyn, NY 11222	https://instagram.com/alterbrooklyn/		http://alterbrooklyn.com/		
Brooklyn Denim Co	85 N 3rd St Ste 101 Brooklyn, NY 11249	https://instagram.com/brooklyndenimco/		http://brooklyndenimco.com/		
Cloth	138 Fort Greene Pl Brooklyn, NY 11217			http://www.clothclothing.com/		
In God We Trust	265 Lafayette St New York, NY 10012	https://instagram.com/ingodwetrustnyc/		http://ingodwetrustnyc.com/		
Men's Wearhouse	360 Madison Ave NYC 10017			http://www.menswearhouse.com/store-locator/5402?cm_mmc=yelp-_-storelink-_-NY-_-5402		
Article&	198 Smith St Brooklyn 11231	https://instagram.com/articleand/		https://www.articleand.com/		
Saks 5th Avenue	611 Fifth Avenue NYC 10022			http://www.saksfifthavenue.com/Entry.jsp		
Goldy & Mac	396 7th Ave Brooklyn NY 11215	https://instagram.com/GOLDYANDMAC/	https://www.pinterest.com/goldyandmac/	http://www.goldyandmac.com/		
Worship	117 Wilson Ave Brooklyn NY 11237	https://instagram.com/shopworship/	https://www.pinterest.com/shopworship	http://www.shopworship.com/		
Treehouse Brooklyn	430 Graham Ave Brooklyn NY 11226		http://www.treehousebrooklyn.com/	http://www.treehousebrooklyn.com/		
The Cast	71 Orchard St New York 10002			http://thecast.com/		
Madewell	486 Broadway NY 10013	https://instagram.com/madewell1937/		https://stores.madewell.com/madewell-soho?srccode=X%7CPMG%7CNaturalSearch%7CLocal%7CYelp%7C219		
Jane's Closet	135 Grand Street Brooklyn, NY 11249			https://www.janebrooklyn.com/		
Line & Label	568 Manhattan Ave Brooklyn, NY 11222	https://instagram.com/lineandlabel		http://www.lineandlabel.com/		
Life: Curated	186 Grand St Brooklyn 11211	https://instagram.com/lifecurated/		http://www.life-curated.com/		
Heights + Kenchi	524 E 5th St New York 10009	https://instagram.com/HEIGHTSKENCHI/		http://www.heights-kenchi.com/		
7115 by Szeki	157 Rivington St NY 10002	https://instagram.com/7115nyc/		http://7115newyork.com/		
NOS Boutique	81 Front St Brooklyn 11201	https://instagram.com/nosboutique/		http://nosboutique.com/		
Trunk	68 Jay St Ste 101 NY 11201	https://instagram.com/trunkbrooklyn/		http://www.trunkbrooklyn.com/		
H & M	435 7th Ave NY 10001			http://www.hm.com/us/		
Anthropologie	375 W Broadway NY 10012			http://www.anthropologie.com/anthro/index.jsp		
Lockwood	3215 33rd St Astoria NY 11106			http://lockwoodshop.com/category/Apparel/c70		
Fanaberie	102A Nassau Ave Brooklyn NY 11222			http://www.fanaberienyc.com/		
Pema NY	225 Bedford Ave Brooklyn 11211			http://www.pemany.com/		
Flirt	93 5th Ave Brooklyn, NY 11217			http://store.flirt-brooklyn.com/		
Urban Outfitters	2633 Broadway NY 10025			http://urbanoutfitters.com		
Better Than Jam	123 Knickerbocker Ave Brooklyn 11237			https://www.etsy.com/shop/betterthanjam		
APC	131 Mercer St New York 10012			http://usonline.apc.fr/		
J. Crew	235-237 West Broadway NY 10013			http://jcrew.com		
Maryam Nassir Zadeh	123 Norfolk St NY 10002			http://www.mnzstore.com/		
Pesca Boutique	244 E 60th St NY 10022	https://instagram.com/pescaboutiqueny/		https://www.pescaboutique.com/		
Urban Outfitters	182 Broadway NY 10038			http://urbanoutfitters.com		
Old Hollywood	99 Franklin St Brooklyn NY 11222			http://www.cosmiclovepatterns.com/		
Old Navy	610 Avenue of the Americas NY 10004			http://oldnavy.com		
Proper Cloth	450 Broadway 2nd Floor NY 10013			http://propercloth.com/		
Loren	80 Nassau Ave Brooklyn NY 11222	https://instagram.com/loren_denim/		http://lorencronk.com/loren/		
Reformation	156 Ludlow St NY 10002	https://instagram.com/reformation/		https://www.thereformation.com/cart		
O.N.A.	593A Vanderbilt Ave Brooklyn NY 11238	https://instagram.com/onabrooklyn/		http://onanyc.com/		
American Eagle 	1551 - 1555 Broadway NY 10036			http://ae.com		
In God We Trust	70 Greenpoint Ave Brooklyn 11222			http://ingodwetrustnyc.com/		
Meg	358 Atlantic Ave Brooklyn NY 11217			http://megshops.com		
Club Monaco	160 5th Ave NY 10010			http://clubmonaco.com		
Swords-Smith	98 S 4th St Brooklyn NY 11211			http://swords-smith.com/#		
H&M	4 Times Sq 1472 Broadway NY 10036			http://hm.com		
Brooklyn Industries	801 Broadway NY 10003			http://www.brooklynindustries.com/index.cfm		
Grit N Glory	186 Orchard St NY 10002			http://www.gritnglory.com/		
If Boutique	94 Grand St NY 10013	https://instagram.com/ifsohonewyork/				
Joe Fresh	110 Fifth Ave NY 10011			https://www.joefresh.com/us/		
4 Play Brooklyn	360 7th Ave Brooklyn 11215	https://instagram.com/4playbk/				
HeadHoods	86 Berry St Brooklyn, NY 11211	https://instagram.com/headhoods/				
Joe Fresh	510 Fifth Avenue NY 10036			https://www.joefresh.com/us		
H&M	1328 Broadway NY 10001			http://hm.com		
Macy's	151 West 34th Street NY 10001			http://macys.com		
The Brooklyn Circus	150 Nevins St Brooklyn NY 11217	https://instagram.com/thebkcircus/		http://thebkcircus.com/		
Pinkyotto	307 E 9th St NY 10003	https://instagram.com/Pinkyotto		http://www.pinkyotto.com/		
Necessary Clothing	442 Broadway NY 10013	https://instagram.com/necessaryclothing/		http://www.necessaryclothing.com/		
Urban Outfitters	374 Ave of the Americas NY 10011			http://urbanoutfitters.com		
miguel Antoinne	39 Wooster St NY 10013	https://instagram.com/miguelantoinne/		http://www.miguelantoinne.com/		
Maison Martin Margiela	803 Greenwich St NY 10014	https://instagram.com/maisonmargiela/		http://www.maisonmargiela.com/		
Kamakura Shirts	400 Madison Ave NY 10017			http://www.kamakurashirts.com/		
Fresthetic	552 Grand St Brooklyn NY 11211			http://fresthetic.com/		
J. Crew	347 Madison Ave NY 10017			http://jcrew.com		
H&M	497-501 Fulton St Brooklyn NY 11201			http://hm.com		
Brooklyn Industries	161 8th Ave NY 10011			http://www.brooklynindustries.com/		
Banana Republic	2373 Broadway NY 10024			http://bananarepublic.gap.com/customerService/store.do?storeid=5104		
Brooklyn Industries	70 Front St Brooklyn NY 11201			http://www.brooklynindustries.com/		
Shop Untitled NYC	27 W 8th St NY 10011	https://instagram.com/shopuntitled/		http://www.shopuntitled.com/search/browse?page=3		
Lola's Boutique	8503 3rd Ave Brooklyn NY 11209	https://instagram.com/lolasboutique/		http://lolasboutiquenyc.com/		
Aritzia	524 Broadway NY 10012	https://instagram.com/aritzia/		http://us.aritzia.com/default		
Forever21	568 Broadway NY 10012			http://forever21.com		
Opening Ceremony	35 Howard St NY 10013	https://instagram.com/openingceremony/		http://www.openingceremony.us/		
Madewell	115 5th Ave NY 10003			http://madewell.com		
Atrium	644 Broadway NY 10012	https://instagram.com/atriumnyc/		http://www.atriumnyc.com/		
Blue In Green	8 Greene St NY 10013	https://instagram.com/blueingreensoho/		http://blueingreensoho.com/site/index.php?&vmcchk=1		
Byme Brooklyn	802 Avenue U Brooklyn NY, 11223	https://instagram.com/dorldorbrooklyn/		http://www.dorldornyc.com/		
Zara	580 Broadway NY 10012	https://instagram.com/zara_worldwide		http://www.zara.com/us/		
Surface to Air	27 Mercer St NY 10012	https://instagram.com/surface_to_air/		http://www.surfacetoair.com/store-us/		
Legacy	109 Thompson Street NY 10012			http://www.legacy-nyc.com/legacyfront.html		
Project No. 8	38 Orchard St NY 10002	https://instagram.com/projectno8/		http://projectno8.com/		
La Di Da Dee	160 Havemeyer St Brooklyn NY 11211	https://instagram.com/ladidadee/		http://www.shoptiques.com/boutiques/la-di-da-dee?utm_campaign=Boutique+Ref+la-di-da-dee&utm_source=boutiqueref&utm_medium=boutiqueref		
Min-k	219 Mott St NY 10012			http://minknyc.blogspot.com/		
Trash & Vaudeville	4 St Marks Pl NY 10003	https://instagram.com/trashandvaudeville/?ref=badge		http://www.trashandvaudeville.com/		
Zara	101 5th Ave NY 10003	https://instagram.com/zara_worldwide		http://www.zara.com/us/		
Ad Hoc	135 Wythe Ave Brooklyn NY 11211	https://instagram.com/adhocnyc/		http://adhocnyc.com/		
Anthropologie	85 5th Ave New York 10003			http://anthropologie.com		
A Uno Tribeca	123 W Broadway NY 10013	https://instagram.com/aunotribeca/		http://www.aunotribeca.com/		
Bhoomki	158 5th Ave Brooklyn NY 11217	https://instagram.com/bhoomki_boutique/		http://www.bhoomki.com/		
Anthropologie	50 Rockefeller Plz NY 10020			http://anthropologie.com		
Steven Alan	103 Franklin St NY 10013	https://instagram.com/stevenalan/		http://www.stevenalan.com/		
LOFT	1459 Broadway NY 10036	https://instagram.com/loft/		http://www.loft.com/?cid=yxt_ps_local		
Brooklyn Industries	500 Hudson St NY 10014			http://brooklynindustries.com		
Wolves Within	174 Franklin St Brooklyn NY 11222	https://instagram.com/shopwolveswithin/		http://www.wolveswithin.com/		
American Apparel	704 Broadway NY 10003			http://americanapparel.net		
Francesca's	2345 Broadway NY 10024	https://instagram.com/francescascollections/		http://www.francescas.com/store-locator/2345+broadway.do		
Teddy	202 5th Ave Brooklyn 11217	https://instagram.com/shopteddy/		http://shop.shopteddy.com/		
Vinnie's Styles	160 Flatbush Ave Brooklyn NY 11217	https://instagram.com/vinniesstyles/?hl=en		http://www.vinniesnyc.com/#!shop/c15uw		
Acne Studios	33 Greene St NY 10013	https://instagram.com/acnestudios/		http://www.acnestudios.com/		
Shareen	13 W 17th St 2nd FL NY 10011	https://instagram.com/shareendotcom/		http://shareen.com/		
Martine's Dream	681 Nostrand Ave Brooklyn NY 11216	https://instagram.com/martinesdream/		http://www.martinesdream.com/		
Darling	1 Horatio St NY 10014	https://instagram.com/darlingnyc/		http://www.yelp.com/biz/darling-new-york		
Oak	28 Bond St NY 10012	https://instagram.com/oaknyc/		http://www.oaknyc.com/		
Rosebud Vintage	721 Franklin Ave Brooklyn, NY 11238	https://instagram.com/rosebudvintage/		http://www.rosebudvintage.com/		
3x1	15 Mercer St Manhattan, NY 10013	https://instagram.com/3x1		http://3x1.us/		
Pookie & Sebastian	541 3rd Ave NY 10016	https://instagram.com/pookieandsebastian/		http://www.pookieandsebastian.com/		
Edith Machinist	104 Rivington St NY 10002	https://instagram.com/edithmachinist/		http://www.edithmachinist.com/		
Aritzia	600 5th Ave NY 10016	https://instagram.com/aritzia/		http://us.aritzia.com/		
Calypso Au Marche	426 Broome St NY 10013	https://instagram.com/calypsostbarth/		http://www.calypsostbarth.com/		
Jeffrey	449 W 14th St NY 10014	https://instagram.com/jeffreyatlantanewyork/		http://shop.jeffreynewyork.com/eshop.cfm		
Myths of Creation	421 Graham Ave Brooklyn NY 11211	https://instagram.com/mythsofcreation/		http://mythsofcreation.com/		
SuperDry	718 Broadway Manhattan NY 10003	https://instagram.com/superdryglobal/?hl=en		http://www.superdry.com/		
Phillip Lim	48 Great Jones St NY 10012	https://instagram.com/31philliplim/		https://www.31philliplim.com/		
Yellow Rat Bastard	483 Broadway NY 10013	https://instagram.com/yellowratbastardnyc/		https://www.yellowratbastard.com/		
Dejavu Tailoring	223 E 60th St NY 10022	https://instagram.com/DejavuNYC/		http://dejavu.nyc/		
Skingraft	7 Prince St NY 10012	https://instagram.com/skingraftdesigns/		http://www.skingraftdesigns.com/		
The Market NYC	159 Bleecker Street NY 10012	https://instagram.com/themarketnyc		http://www.themarketnyc.com/themarketnyc/THE_MARKET_NYC.html		
International Playground	13 Stanton St NY 10002	https://instagram.com/intlplayground/		http://www.themarketnyc.com/themarketnyc/THE_MARKET_NYC.html		
Yours Truly	1007 Broadway Brooklyn NY 11221	https://instagram.com/yourstrulybrand/		http://www.yourstrulybrand.com/		
Steven Alan Annex	229 Elizabeth St NY 10012	https://instagram.com/stevenalan/		http://www.stevenalan.com/		
Paul Smith	142 Greene St NY 10012	https://instagram.com/paulsmithdesign/		http://www.paulsmith.co.uk/us-en/shop/		
Rabbits	120 Havemeyer St Brooklyn NY 11211	https://instagram.com/rabbitsnyc/		http://www.rabbitsnyc.com/		
Assembly NY	170 Ludlow St NY 10002	https://instagram.com/assemblynewyork/?hl=en		http://www.assemblynewyork.com/		
Gudrun Sjoden	50 Greene St NY 10013	https://instagram.com/gudrunsjoden/		http://www.gudrunsjoden.com/us		
Epaulet Shop	144 Orchard St NY 10002	https://instagram.com/epaulet/		http://epauletnewyork.com/		
Joe Fresh	215 West 34th Street NY 10001	https://instagram.com/joefresh/		https://www.joefresh.com/us/		
Strumpet	518 Court St Brooklyn NY 11231	https://instagram.com/strumpetshop/		http://www.strumpet.com/		
Sucre	357 Bleecker Street NY 10014	https://instagram.com/sucrenyc/		http://www.sucrenyc.com/products		
Levi's Meatpacking	414 West 14th St NY 10014		https://www.pinterest.com/levisbrand/	http://www.levi.com/US/en_US/		
No Relation Vintage	204 1st Ave NY 10009	https://instagram.com/ltrainvintage		http://ltrainvintage.com/		
Kimera Design	366 Atlantic Ave Brooklyn NY 11217	https://instagram.com/kimeradesign		http://www.kimeradesign.com/index.asp		
Rivet	151 Smith St Brooklyn NY 11201			http://rivetbrooklyn.com/		
Ritual Vintage	377 Broome St NY 10013	https://instagram.com/ritualvintage/		http://www.ritualvintage.com/		
Kisan	125 Greene St NY 10012	https://instagram.com/kisanstore/		http://kisanstore.com/		
Kate Spade	454 Broome St NY 10013	https://instagram.com/katespadeny/		http://www.katespade.com/		
SRG Fashion	1971 41st St Astoria NY 11105	https://instagram.com/srgfashion/		http://srgfashioncorp.com/		
Gureje	886 Pacific St NY 11238			http://gureje.com/		
About Glamour + AG Gallery	107A N 3rd St Brooklyn NY 11249	https://instagram.com/aboutglamourinc/		http://aboutglamour.strikingly.com/		
Rapisarda	177 Court St Brooklyn NY 11201	https://instagram.com/myrapisarda/		http://rapisarda.com/		
Wink	1330 Third Ave NY 10075		https://www.pinterest.com/winkny/	http://www.winknyc.com/		
Coup de Coeur	136 E 28th St NY 10016	https://instagram.com/shopcoupdecoeur/		http://shopcoupdecoeur.com/		
The Reed Space	151 Orchard St NY 10002	https://instagram.com/reedspace/		http://thereedspace.com/		
Alter	407 graham Ave Brooklyn NY 11211	https://instagram.com/alterbrooklyn/		http://alterbrooklyn.com/		
EHVonnae	145 Front St Brooklyn NY 11201	https://instagram.com/ehvonnae/		http://ehvonnae.com/		
Century 21	22 Cortlandt St NY 10007	https://instagram.com/century21stores/		http://www.c21stores.com/		
Odin	328 E 11th St NY 10003	https://instagram.com/odinnewyork/		http://www.odinnewyork.com/		
Rag & Bone	104 Christopher St NY 10014	https://instagram.com/rag_bone/		http://www.rag-bone.com/		
AllSaints	411-417 West 13th Street Unit 1S NY 10014	https://instagram.com/allsaintslive/		http://www.us.allsaints.com/?WT.mc_id=YelpAllSaintsMeatpacking		
American Two Shot	135 Grand St Canal Street, NY 10013	https://instagram.com/americantwoshot/		http://americantwoshot.com/		
French Garment Cleaners	85 Lafayette Ave Brooklyn NY 11217	https://instagram.com/fgc_co/		https://frenchgarmentcleaners.com/		
lululemon athletica	1127 3rd Ave NY 10065	https://instagram.com/lululemon/?hl=en		https://instagram.com/dressingroomnyc/		
Volcom	446 Broadway Ave NY 10013	https://instagram.com/volcom/		http://www.volcom.com/		
Comptoir Des Cotonniers Flatiron	137 Fifth Ave Manhattan NY 10010	https://instagram.com/comptoirdescotonniers/		http://www.comptoirdescotonniers.com/eboutique/accueil		
Lee Lee's Forest	14 Fulton St NY 10038	https://instagram.com/leeleesforest/		http://www.leeleesforest.squarespace.com/		
Thistle & Clover	221 DeKalb Ave Brooklyn NY 11205	https://instagram.com/thistleclover/		http://thistleclover.com/		
Filson	40 Great Jones St NY 10003	https://instagram.com/filson1897/		http://www.filson.com/		
Hickoree's Floor Two	109 S 6th St Fl 2 Brooklyn NY 11211	https://instagram.com/hickorees/		http://www.hickorees.com/		
ENZ's	125 2nd Ave NY 10003	https://instagram.com/enzsnyc/		http://www.enzsnyc.com/		
By Robert James	74 Orchard St NY 10002	https://instagram.com/byrobertjames/		http://www.byrobertjames.com/		
Ame Ame	17 W 29th St 3B NY 10001	https://instagram.com/ameamenyc/		http://loveallseasons.com/		
Park Delicatessen	722 Classon Ave Brooklyn NY 11238	https://instagram.com/parkdelibk/		http://www.parkdelibk.com/		
Marimekko Flagship Store	200 5th Ave 23rd St Manhattan NY 10010	https://instagram.com/marimekkousa/		https://us.marimekko.com/#US		
Only Hearts	230 Mott St NY 10012	https://instagram.com/onlyhearts1978/?ref=badge		http://www.onlyhearts.com/		
Maje	417 Bleecker St NY 10014	https://instagram.com/majeofficiel		http://us.maje.com/		
Onassis Clothing	71 Greene St NY 10012	https://instagram.com/onassisclothing/		http://www.onassisclothing.com/		
Save Khaki	317 Lafayette St NY 10012	https://instagram.com/savekhaki/		http://savekhaki.com/		
Born to Tailor	380 Lexington Ave 17th Fl NY 10168	https://instagram.com/borntotailor/		http://www.borntotailor.com/		
Universal Gear	715 9th Ave NY 10019	https://instagram.com/universalgear		http://www.universalgear.com/		
Mary Meyer and Friends Vintage	56 Bogart St Brooklyn NY 11206	https://instagram.com/marymeyerclothing/		http://www.marymeyerclothing.com/		
Kai D	230 Grand St Brooklyn NY 11211		https://www.pinterest.com/artisanunited/	http://www.kaidutility.com/		
Kimono House	131 Thompson St NY 10012	https://instagram.com/kimonohousenewyork/?ref=badge		http://kimonohouse.blogspot.com/		
Town House Shops	504 LaGuardia Pl NY 10012	https://instagram.com/townhouseshops/		http://townhouseshops.lightspeedwebstore.com/		
Chrome Industries	238 Mulberry St NY 10012	https://instagram.com/chrome_industries/		http://www.chromeindustries.com/		
No 6 	6 Centre Market Pl NY 10013	https://instagram.com/no6_store/		http://no6store.com/		
LF Stores	149 Spring St NY 10012	https://instagram.com/lfstores/		http://lfstores.com/		
Zoe	68 Washington St Brooklyn NY 11201	https://instagram.com/shopzoe/?lang=en	https://www.pinterest.com/shopzoeonline/	http://www.shopzoeonline.com/		
Bombay Bridal	74-08 37th Rd NY 11372	https://instagram.com/bombaybridal/		http://www.bombaybridal.com/index.html		
1 of a Find Vintage	633 Vanderbilt Ave Brooklyn NY 11238	https://instagram.com/1ofafindvintage/		http://www.1ofafindvintage.com/index.php		
Bird	316 5th Ave Brooklyn NY 11215	https://instagram.com/shopbird/		http://www.shopbird.com/		
Clothingline	261 W 36th St 2nd Fl NY 10018	https://instagram.com/clothingline/		http://www.clothingline.com/		
Kaight	382 Atlantic Ave Brooklyn 11217	https://instagram.com/kaightshop/?hl=en		http://kaightshop.com/collections/new-arrivals		
Reiss	313 Bleeker St NY 10014	https://instagram.com/reissfashion		https://www.reiss.com/us/		
Goldy & Mac	219 5th Ave Brooklyn NY 11215	https://instagram.com/GOLDYANDMAC/		http://www.goldyandmac.com/		
Runis Desire	37-19 74th St Queens NY 11372			http://www.runisdesire.com/		
Personnel of New York	9 Greenwich Ave NY 10014	https://instagram.com/personnelofnewyork/		http://personnelofnewyork.com/		
Blue Tree	1283 Madison Ave NY 10128	https://instagram.com/bluetreenyc/		http://www.bluetreenyc.com/		
G-Star Raw NY	270 Lafayette St NY 10012	https://instagram.com/gstarraw/		https://www.g-star.com/en_us		
Theory	40 Gansevoort St NY 10184	https://instagram.com/theory__/		http://www.theory.com/		
Reason Outpost	436 E 9th St NY 10009	https://instagram.com/reasonclothing/		http://reasonclothing.com/		
Duo	337 E 9th St NY 10003	https://instagram.com/duonyc/		http://www.duonyc.com/		
Ruby and Scarlett	265 Metropolitan Ave Brooklyn NY 11211	https://instagram.com/rubyandscarlettny/		http://www.rubyandscarlett.com/		
Jachs	310 Bleecker St NY 10014	https://instagram.com/jachsny		http://www.jachsny.com/		
Dr Martens	148 Spring St NY 10012	https://instagram.com/drmartensofficial/		http://www.drmartens.com/us/		
Fanaberie	339 Bedford Ave Brooklyn NY 11211	https://instagram.com/fanaberie/		http://www.fanaberienyc.com/		
Shop Our Closet	319 Court St Brooklyn NY 11231	https://instagram.com/shopourclosetnyc/		http://www.shopourclosetnyc.com/		
55DSL	281 Lafayette St NY 10012	https://instagram.com/55dsl/		http://www.55dsl.com/		
Steven Alan	349 Atlantic Ave Brooklyn NY 11217	https://instagram.com/stevenalan/		http://www.stevenalan.com/		
Nicole Miller	77 Greene St NY 10012	https://instagram.com/nicolemillernyc/		http://www.nicolemiller.com/		
LF Stores	150 5th Ave NY 10011	https://instagram.com/lfstores/		http://lfstores.com/		
AG Jeans	111 Greene Street NY 10012	https://instagram.com/agjeans/		http://www.agjeans.com/		
Patricia Field	306 Bowery NY 10012	https://instagram.com/patricia_field/		http://patriciafield.com/		
Charles Tyrwhitt	745 7th Ave NY 10019	https://instagram.com/charlestyrwhitt/?=undefined&cm_sp=FT-Instagram		http://www.ctshirts.com/default.aspx?q=|||||||||||||||		
Oroboro	326 Wythe Ave Brooklyn NY 11249			http://oroborostore.com/collections/new-arrivals		
Nu New York	827 Broadway New York 10003	https://instagram.com/nu_newyork/	https://www.pinterest.com/nunewyork0130/	http://nunewyork.com/		
Acustom Apparel	330 W Broadway NY 10013	https://instagram.com/acustom		http://acustom.com/		
Odd.	164 Ludlow St NY 10002	https://instagram.com/odd_nyc/				
R.A.G.	1501 Broadway NY 10036	https://instagram.com/ragnewyork/	https://www.pinterest.com/ragnewyork/pins/	http://ragnewyork.com/		
Malin Landaeus	157 N 6th St Brooklyn NY 11211	https://instagram.com/malinlandaeusvintage/?hl=en				
Epaulet Shop	231 Smith St Brooklyn NY 11231	https://instagram.com/epaulet/		http://epauletnewyork.com/		
Louis Purple	323 Lafayette NY 10012	https://instagram.com/louis_purple_		http://www.louispurple.com/		
Self Edge	157 Orchard St New York 10002	https://instagram.com/selfedge		http://www.selfedge.com/		
Sweaty Betty	77 Mercer St NY 10012	https://instagram.com/sweatybetty/		http://www.sweatybetty.com/		
Scoop NYC	1275 3rd Ave NY 10021	https://instagram.com/scoopnyc/		http://www.scoopnyc.com/#		
John Varvatos	122 Spring St NY 10012	https://instagram.com/johnvarvatos/		http://www.johnvarvatos.com/		
Modern Anthology	68 Jay St Brooklyn NY 11201	https://instagram.com/modernanthology/		http://www.modernanthology.com/		
Rue St Denis Clothier Ltd	170 Ave B NY 10009	https://instagram.com/ruestdenis/		http://www.vintagenyc.com/		
Tafari Tribe Globe Trade	593 Flatbush Ave Brooklyn NY 11225	https://instagram.com/tafaritribeshop/		http://www.tafaritribeshop.com/		
The Rising States	168 Ludlow St NY 10002	https://instagram.com/therisingstates/		http://www.therisingstatesnyc.com/		
French Connection	700 Broadway NY 10003	https://instagram.com/frenchconnection_official/		http://usa.frenchconnection.com/content/stores/united+states.htm		
Y-3 New York	92 Greene St NY 10012	https://instagram.com/adidasy3/		http://www.y-3.com/us/#/show/		
Rime	157 Smith St Brooklyn NY 11201	https://instagram.com/RIME_NYC		http://www.rimenyc.com/		
Flavour	1730 Sheepshead Bay Rd Brooklyn NY 11235	https://instagram.com/flavour86/		http://flavour86.com/		
Mandee Shop	9310 Rockaway Blvd Ozone Park NY 11417	https://instagram.com/shopmandee		http://www.mandee.com/		
Nasty Pig	259 West 19th St New York 10011	https://instagram.com/nastypig/		http://store.nastypig.com/		
Alice + Olivia	80 W 40th St NY 10018	https://instagram.com/aliceandolivia/		http://www.aliceandolivia.com/		
Muji	16 W 19th St NY 10011	https://instagram.com/mujiusa/		http://www.muji.com/us/		
Mishka NYC	350 Broadway Brooklyn 11211	https://instagram.com/mishkagram/		https://mishkanyc.com/		
Ports 1961	3 Ninth Ave NY 10014			http://www.ports1961.com/		
Topman	478 Broadway NY 10013	https://instagram.com/topman/		http://us.topman.com/?geoip=home		
Kitsch	358 Grand St Brooklyn NY 11211	https://instagram.com/kitschboutique		http://www.kitschboutique.com/		
Yumi Kim	1331 3rd Ave NY 10075	https://instagram.com/yumikim/		http://yumikim.com/		
Hamlet's Vintage	146 4th St NY 10012			http://hamletsvintage.com/site/		
Rainbow Shops	380 5th Ave NY 10018	https://instagram.com/rainbowshops/		http://www.rainbowshops.com/		
Tibi	120 Wooster Street NY 10012	https://instagram.com/tibi/		http://www.tibi.com/		
Dave's New York	581 Avenue of the Americas NY 10011	https://instagram.com/davesnewyork		http://davesnewyork.com/		
Grand St Bakery	602 Grand St Brooklyn NY 11211	https://instagram.com/GrandStBakery/		http://grandstbakery.com/		
Cadet	46 N 6th St NY 11211	https://instagram.com/cadetusa/		http://www.cadetusa.com/		
Fox & Fawn	570 Manhattan Ave Brooklyn NY 11222	https://instagram.com/foxandfawn/		http://www.shopfoxandfawn.com/		
Lovely Bride	182 Duane St NY 10013	https://instagram.com/lovelybride/		http://lovelybride.com/		
Gabriela de la Vega	88 S Portland Ave Brooklyn NY 11217			http://gabrieladelavega.bigcartel.com/		
Catherine Malandrino	652 Hudson St NY 10014	https://instagram.com/malandrinobuzz/		http://catherinemalandrinousa.com/		
The Meat Market Brooklyn	380 Tompkins Ave Brooklyn NY 11216	https://instagram.com/ilovemeatmarket/		http://www.ilovemeatmarket.com/		
Clementine Consignment	39 1/2 Washington Sq S NY 10012	https://instagram.com/clementineconsigns/		http://clementineconsignment.com/		
The Tailolry NY	9 E 53rd St 5th Fl NY 10022	https://instagram.com/thetailorynyc/		http://thetailorynyc.com/		
Rebecca Taylor	260 Mott Street NY 10012	https://instagram.com/rebeccataylornyc/		http://www.rebeccataylor.com/		
The Hoodie Shop	181 Orchard St NY 10002	https://instagram.com/thehoodieshop/?ref=badge		http://thehoodieshop.com/		
Madonna & Co	284 Lafayette St NY 10012	https://instagram.com/madonnaandco		http://www.madonnaandco.com/		
Goose Barnacle	91 Atlantic Ave Brooklyn NY 11201	https://instagram.com/goosebarnacle/		http://goosebarnacle.com/		
Alan David Custom	16 E 40th St Ste 702 NY 10016		https://www.pinterest.com/alandavidcustom/	http://www.alandavid.com/		
Behavior New York	231 W 19th St NY 10011	https://instagram.com/behaviournyc		http://www.behaviournewyork.com/		
The Mobile Vintage Shop	43 Bogart St Brooklyn NY 11206	https://instagram.com/mobilevintagebk/		http://www.themobilevintageshop.com/		
Wild Was Mama	272 Driggs Ave Brooklyn 11222	https://instagram.com/wildwasmama/		http://www.wildwasmama.com/		
Bergdorf Goodman	754 5th Ave NY 10019	https://instagram.com/bergdorfs/		http://www.bergdorfgoodman.com/		
Unis 	226 Elizabeth St NY 10012	https://instagram.com/unisnewyork/		http://unisnewyork.com/		
Cego Custom Shirtmakers	254 Fifth Ave 3rd Fl NY 10001	https://instagram.com/cegonyc/		http://www.cego.com/		
Maison Kitsune	1170 Broadway NY 10001	https://instagram.com/kitsune/		http://www.kitsune.fr/journal/author/maison-kitsune-at-nomad-new-york/		
Babel Fair	260 Elizabeth St NY 10012	https://instagram.com/BabelFair				
Pas De Deux	328 E 11th St NY 10003	https://instagram.com/pasdedeuxny/		http://pasdedeuxny.com/		
Hudson+Lawrence	355 Atlantic Ave Brooklyn 11217	https://instagram.com/hudson_lawrence		http://www.hudsonlawrence.com/		
Ben Sherman Menswear	96 Spring St NY 10012	https://instagram.com/aheritageofmodernism/		http://www.bensherman.com/		
Pretty Girl	13621 Roosevelt Ave Flushing NY 11354	https://instagram.com/shopprettygirl/		http://www.shopprettygirl.com/		
Sincerely, Tommy	343 Tompkins Ave Brooklyn NY 11216	https://instagram.com/sincerelytommy_/		http://sincerelytommy.com/		
Neda	302 Court St Brooklyn NY 11231	https://instagram.com/nedaboutique/		http://www.nedaboutique.com/		
Faconnable	636 5th Ave NY 10020	https://instagram.com/faconnable/		http://faconnable.com/en/		
Barbour	123 Wooster St NY 10012	https://instagram.com/barbour/		http://www.barbour.com/us		
Pachute	1582 1st Ave Manhattan 10028	https://instagram.com/pachutenyc/		http://pachute.com/shop/		
Parke & Ronen	176 9th Ave NY 10011	https://instagram.com/parkeandronen/		http://parkeandronen.com/		
Anya Hindmarch	115 Greene Street NY 10012	https://instagram.com/anyahindmarch/		http://www.anyahindmarch.com/		
Olive & Bette's	158 Spring St NY 10012	https://instagram.com/oliveandbettesnyc		http://www.oliveandbettes.com/		
MNG by Mango	561 Broadway NY 10012	https://instagram.com/mango/		http://shop.mango.com/home.faces?state=she_400_US		
7 For All Mankind	73 5th Ave NY 10003	https://instagram.com/7fam/		http://www.7forallmankind.com/		
Orla Kiely	5 Mercer St NY 10013	https://instagram.com/orlakiely/		http://www.orlakiely.com/usa/?home&pref=usa		
Olive's Very Vintage	434 Court St Brooklyn NY 11231	https://instagram.com/olaflovesolive/		http://www.olivesveryvintage.com/olivesveryvintage.com/Welcome.html		
Awoke Vintage	132 N5th St Brooklyn 11211	https://instagram.com/awokevintagebrooklyn		http://awokevintage.com/		
Michael's Consignment Shop	1041 Madison Ave 2nd Fl NY 10075	https://instagram.com/michaelsconsign/		http://www.michaelsconsignment.com/		
Bijoutique NY	362 Atlantic Ave Brooklyn NY 11217			http://www.kbjewelrydesign.com/		
Original Penguin	1077 6th Ave NY 10018	https://instagram.com/originalpenguin/?utm_source=originalpenguin&utm_medium=link&utm_term=none&utm_content=originalpenguin&utm_campaign=hplink		http://www.originalpenguin.com/		
Seize sur Vingt	78 Greene St NY 10012			http://www.16sur20.com/		
Piccolini	167 Mott St NY 10013	https://instagram.com/piccolininyc/		http://piccolininyc.com/		
TAGG	720 9th Ave NY 10019	https://instagram.com/taggstore/		http://www.taggstore.com/		
Lilla P	420 W 14th St NY 10014	https://instagram.com/lillapnyc/		http://www.lillap.com/		
Genuine Motorworks	195 N 14th St Brooklyn 11211	https://instagram.com/genuinemotorworks/		http://www.genuinemotorworks.com/		
Antoinette	119 Grand St Brroklyn 11211	https://instagram.com/antoinettebrooklyn/		http://www.antoinettebrooklyn.com/		
Modabox	193 Front St NY 10038	https://instagram.com/modabox/		http://moda-box.com/		
Screaming Mimi's	382 Lafayette St NY 10003	https://instagram.com/screamingmimisvintage/		http://www.screamingmimis.com/		
INA	21 Prince St NY 10012	https://instagram.com/inanyc/		http://www.inanyc.com/		
ManuelRacim	44 Hudson St NY 10013	https://instagram.com/manuelracim		http://www.manuelracim.com/		
Schott NYC	236 Elizabeth St NY 10012	https://instagram.com/schottnyc/		https://www.schottnyc.com/		
Blue and Cream	1 E 1st St NY 10003	https://instagram.com/blueandcream/		http://www.blueandcream.com/		
Beacon's Closet	92 5th Ave Brooklyn 11215	https://instagram.com/beaconscloset/		http://www.beaconscloset.com/		
Lord Willy's	225 Mott St NY 10012			http://www.lordwillys.com/		
Michal Negrin	448 W Broadway NY 10012	https://instagram.com/michalnegrinusa/		http://www.negrinusa.com/		
Zumiez	840 N Broadway NY 10003	https://instagram.com/zumiez/		http://www.zumiez.com/		
BGN Paris	202 W 40th St Ste 902 NY 10018	https://instagram.com/bgnfashion/		http://www.bgn.fr/		
Vivienne Hu	88 Thompson St NY 10012	https://instagram.com/viviennehustudio/		http://www.viviennehu.com/		
Black Lapel Custom Clothiers	121 W 27th St Ste 1204 NY 10001	https://instagram.com/blacklapel/		http://www.blacklapel.com/		
A Second Chance 	1111 Lexington Ave 2nd Fl NY 10075	https://instagram.com/ascresale		http://www.asecondchanceresale.com/		
Vintage India NYC	132 Lexington Ave NY 10016	https://instagram.com/vintageindianyc/		http://www.vintageindianyc.com/		
Pink Penguin 	110 Macdougal St NY 10012	https://instagram.com/pinkpenguininc/		http://www.pinkpenguinnyc.com/		
Tokyo Rebel	158 Allen St NY 10002	https://instagram.com/tokyorebel		http://www.tokyorebel.com/		
Alberta Ferretti	452 W Broadway NY 10012	https://instagram.com/albertaferretti/		http://www.albertaferretti.com/us		
Halston Heritage	59 Greene St NY 10012	https://instagram.com/halston/		http://www.halston.com/		
Moods of Norway	75 Greene St NY 10012	https://instagram.com/moodsofnorway		http://www.moodsofnorway.com/us/		
Nepenthes	307 W 38th St NY 10018	https://instagram.com/nepenthesny/		http://nepenthesny.tumblr.com/		
NYGARD Fashion	1431 Broadway Ground Flr NY 10018	https://instagram.com/nygardslims		http://www.nygard.com/en-ca		
Mackage	123 Mercer St NY 10012	https://instagram.com/houseofmackage/		http://www.mackage.com/		
Think Closet	159 Prince St NY 10012	https://instagram.com/thinkclosetnyc/		http://www.thinkcloset.com/		
DIGS	1054 3rd Ave NY 10065		https://www.pinterest.com/digsny/	http://digsny.com/		
Robbie and Co Men's Shop	147 W 35th St NY 10001	https://instagram.com/mrrobbiesuits/		http://robbiesuitsnyc.com/		
Costume National	150 Greene St NY 10012	https://instagram.com/costumenational/		http://www.costumenational.com/on/demandware.store/Sites-costume-Site/en/Home-Show		
Max Studio	426 W Broadway Ny 10012	https://instagram.com/maxstudiousa/		http://www.maxstudio.com/		
Dangerous Mathematicians	394 Atlantic Ave Brooklyn 11217	https://instagram.com/dangerousmathematicians/		http://dangerousmathematicians.com/		
Ruby and Jenna	1308 Kings Hwy Brooklyn NY 11229	https://instagram.com/rubyandjenna/		http://www.rubyandjenna.com/		
& Other Stories	575 Broadway NY 10012			http://www.stories.com/us/		
Barbara Bui	117 Wooster St NY 10012	https://instagram.com/barbarabuiofficial/		http://www.barbarabui.com/us		
3NY	448 Broome St NY 10013	https://instagram.com/shop3ny/		http://www.3nyboutiques.com/		
Sandro	8 Prince St NY 10012	https://instagram.com/sandroparis/		http://us.sandro-paris.com/		
Huitzilli Mexican Handcraft	624 Metropolitan Ave Brooklyn 11211	https://instagram.com/huitzilli/		http://huitzilli.myshopify.com/		
Suitsupply	453 Broome St NY 10013	https://instagram.com/suitsupply		http://us.suitsupply.com/en_US/home		
Helmut Lang	93 Mercer St NY 10012	https://instagram.com/helmutlang/		http://www.helmutlang.com/		
Proenza Schouler	121 Greene St Ny 10012	https://instagram.com/proenzaschouler/		https://www.proenzaschouler.com/		
Flavour	2059 86th St Brooklyn 11214	https://instagram.com/flavour86/		http://www.flavour86.com/		
Barbour	1047 Madison Ave Ny 10021	https://instagram.com/barbour/		http://www.barbour.com/us		
Intimacy	1051 Third Avenue NY 10065	https://instagram.com/intimacybrafit/		http://www.myintimacy.com/		
Carolina Herrera	954 Madison Ave NY 10021	https://instagram.com/houseofherrera/		http://www.carolinaherrera.com/newyork/en		
Desigual	594 Broadway NY 10012	https://instagram.com/desigual		http://www.desigual.com/en_US		
Who A U	22 W 34th St NY 10001	https://instagram.com/whoauusa/		http://whoau.us/		
Sean	224 Columbus Ave NY 10023	https://instagram.com/seanstores/		http://www.seanstore.com/		
Quinn	181 Orchard St NY 10002	https://instagram.com/quinnnyc		http://quinnshop.com/		
Massimo Dutti	689 5th Ave NY 10022	https://instagram.com/massimodutti		http://www.massimodutti.com/us/en/?redirect=true		
Mavi Jeans	205 5th Ave Brooklyn NY 11217	https://instagram.com/maviusa/		http://us.mavi.com/		
Dr Jay's Ladies	471 Fulton St Brooklyn NY 11201	https://instagram.com/drjays/		http://www.drjays.com/		
Alton Lane	11 W 25th St 5th Fl NY 10010	https://instagram.com/altonlane		http://www.altonlane.com/		
Scotch & Soda	866 Broadway NY 10003	https://instagram.com/scotch_official/		http://www.scotch-soda.com/us/en/home		
INA	101 Thompson St NY 10012	https://instagram.com/inanyc/		http://www.inanyc.com/		
Chari & Co NYC	175 Stanton St NY 10002	https://instagram.com/chariandconyc/		http://www.chariandconyc.com/		
Isabel Marant	55 Greene St NY 10013	https://instagram.com/isabelmarant/		http://www.isabelmarant.com/en/		
MissesDressy	37-24 24th St Ste 340 Long Island City 11101	https://instagram.com/missesdressy/		http://www.missesdressy.com/		
Metropolis	43 3rd Ave NY 10003			http://metropolisvintageonline.com/		
Paige Premium Denim	869 Washington St NY 10014	https://instagram.com/paigedenim/		http://www.paige.com/		
The Starting Line	180 8th Ave NY 10011	https://instagram.com/thestartinglinenyc/		http://www.thestartinglinenyc.com/		